{
  "drive": {
    "p": 0.02,
    "i": 0,
    "d": 0,
    "f": 0.08,
    "iz": 0
  },
  "angle": {
    "p": 0.002,
    "i": 0.000001,
    "d": 0.000001,
    "f": 0,
    "iz": 0
  }
}